time,ax,ay,az,ax_g,ay_g,az_g,rot_x,rot_y,rot_,heart
17:8:56:5,,,,1.727617859840393,-0.9451649785041809,9.169296264648438,0.9800000190734863,1.0499999523162842,-2.799999952316284,102
17:8:56:20,1.105675458908081,-0.6049056053161621,5.868349552154541,1.727617859840393,-0.9451649785041809,9.169296264648438,-5.740000247955322,3.430000066757202,2.0999999046325684,102
17:8:56:60,0.8117985725402832,-0.5987800359725952,4.863134384155273,1.636690616607666,-1.0887343883514404,9.379864692687988,2.240000009536743,2.450000047683716,3.2899999618530273,102
17:8:56:98,0.8140652179718018,-0.4330817461013794,3.976649284362793,1.8424735069274902,-1.031306505203247,9.487542152404785,5.389999866485596,0.9100000262260437,2.0299999713897705,102
17:8:56:143,0.4636547565460205,-0.33306562900543213,3.1143198013305664,1.6079767942428589,-1.0145567655563354,9.403792381286621,4.269999980926514,-1.4700000286102295,2.0299999713897705,102
17:8:56:184,0.48769354820251465,-0.2530527710914612,2.6120543479919434,1.7539390325546265,-0.9978070855140686,9.554540634155273,3.1500000953674316,-0.9100000262260437,-0.42000001668930054,102
17:8:56:223,0.40546882152557373,-0.17947107553482056,2.1451573371887207,1.7730815410614014,-0.9690931439399719,9.623932838439941,-3.2200000286102295,1.6800000667572021,1.5399999618530273,102
17:8:56:284,0.24971890449523926,-0.16463369131088257,1.6950688362121582,1.6797614097595215,-0.9954141974449158,9.597611427307129,-2.1700000762939453,1.0499999523162842,0.42000001668930054,102
17:8:56:307,0.2648599147796631,-0.13553553819656372,1.2813987731933594,1.7611174583435059,-1.0001999139785767,9.504291534423828,-1.75,-0.8400000333786011,-1.6100000143051147,102
17:8:56:357,0.1831740140914917,-0.14288508892059326,1.0519189834594727,1.7252250909805298,-1.0432707071304321,9.53779125213623,-0.6299999952316284,1.5399999618530273,0.07000000029802322,102
17:8:56:382,0.1312251091003418,-0.049223244190216064,0.8166494369506836,1.7060824632644653,-0.9619146585464478,9.506684303283691,-2.450000047683716,3.2899999618530273,1.3300000429153442,102
17:8:56:428,0.1604936122894287,-0.09872061014175415,0.6188631057739258,1.7754744291305542,-1.0360921621322632,9.463613510131836,-0.42000001668930054,1.1200000047683716,-1.399999976158142,102
17:8:56:469,0.09968101978302002,-0.036862850189208984,0.4989185333251953,1.7395820617675781,-0.9834501147270203,9.468399047851562,-1.1200000047683716,1.190000057220459,-0.3499999940395355,102
17:8:56:508,0.08548760414123535,-0.0026906728744506836,0.37616443634033203,1.7467604875564575,-0.9499505758285522,9.439685821533203,-2.0999999046325684,0.42000001668930054,-1.6100000143051147,102
17:8:56:549,-0.023494243621826172,-0.09977972507476807,0.30858802795410156,1.6319050788879395,-1.0719845294952393,9.449256896972656,-3.7100000381469727,-0.9100000262260437,-2.309999942779541,102
17:8:56:588,0.1688019037246704,-0.12576603889465332,0.3062114715576172,1.8664016723632812,-1.129412293434143,9.523433685302734,-3.0799999237060547,-0.07000000029802322,-0.14000000059604645,102
17:8:56:629,0.025928735733032227,-0.14081215858459473,0.25071144104003906,1.730010747909546,-1.179661512374878,9.530611991882324,-0.8400000333786011,1.1200000047683716,1.1200000047683716,102
17:8:56:669,0.06094229221343994,0.023262619972229004,0.18334102630615234,1.7802598476409912,-1.0097711086273193,9.509077072143555,-0.2800000011920929,0.699999988079071,1.8899999856948853,102
17:8:56:708,0.04109692573547363,-0.10964524745941162,0.15624427795410156,1.7706886529922485,-1.1700903177261353,9.521041870117188,2.5899999141693115,1.1200000047683716,0.9100000262260437,102
17:8:56:764,-0.06857800483703613,-0.04177391529083252,0.04268169403076172,1.643869161605835,-1.112662434577942,9.418149948120117,2.7300000190734863,1.6100000143051147,2.0999999046325684,102
17:8:56:787,0.07530713081359863,0.04889392852783203,0.011174201965332031,1.8065810203552246,-1.0097711086273193,9.389435768127441,1.399999976158142,0.5600000023841858,2.6600000858306885,102
17:8:56:829,0.037274718284606934,0.0008299350738525391,0.10082435607910156,1.777867317199707,-1.057627558708191,9.504291534423828,-3.009999990463257,-0.07000000029802322,2.5199999809265137,102
17:8:56:869,-0.0601503849029541,-0.04910683631896973,0.09214496612548828,1.6654045581817627,-1.1198409795761108,9.518648147583008,0.5600000023841858,1.0499999523162842,2.309999942779541,102
17:8:56:908,-0.16106152534484863,0.03345632553100586,0.03160285949707031,1.5242280960083008,-1.0289137363433838,9.4660062789917,2.380000114440918,-2.240000009536743,-1.2599999904632568,102
17:8:56:951,0.09511876106262207,0.06696450710296631,0.040596961975097656,1.8041881322860718,-0.9786643981933594,9.485149383544922,5.039999961853027,-0.9800000190734863,-0.9100000262260437,102
17:8:56:988,-0.07895970344543457,0.11674201488494873,0.028649330139160156,1.6103696823120117,-0.8997013568878174,9.480363845825195,0.9100000262260437,-1.8200000524520874,-2.380000114440918,102
17:8:57:23,0.02297377586364746,0.04936569929122925,0.0076045989990234375,1.7180466651916504,-0.9547362923622131,9.461220741271973,-0.42000001668930054,-0.5600000023841858,-2.1700000762939453,103
17:8:57:63,0.2787182331085205,0.10074883699417114,0.0749969482421875,2.043470621109009,-0.8781659603118896,9.547362327575684,-13.649999618530273,-9.59000015258789,-15.819999694824219,103
17:8:57:109,0.027720212936401367,-0.2027111053466797,-0.05485820770263672,1.7994027137756348,-1.2323036193847656,9.403792381286621,4.900000095367432,0.9100000262260437,-5.320000171661377,103
17:8:57:149,0.09300363063812256,-0.03199934959411621,0.003970146179199219,1.887937068939209,-1.0695916414260864,9.463613510131836,-4.059999942779541,0.42000001668930054,2.799999952316284,103
17:8:57:187,-0.09596610069274902,-0.0007141828536987305,-0.03702354431152344,1.674975872039795,-1.038485050201416,9.413363456726074,2.7300000190734863,3.2899999618530273,0.07000000029802322,103
17:8:57:230,0.1357097625732422,-0.1441406011581421,0.02015209197998047,1.9405791759490967,-1.2179466485977173,9.475577354431152,0.9800000190734863,-0.21000000834465027,1.399999976158142,103
17:8:57:270,-0.2474842071533203,0.4704504609107971,0.17117691040039062,1.495514154434204,-0.48574298620224,9.66939640045166,-0.5600000023841858,1.5399999618530273,0.49000000953674316,103
17:8:57:308,0.10446536540985107,-0.28023016452789307,-0.0851125717163086,1.8735800981521606,-1.306481122970581,9.391828536987305,-5.949999809265137,1.5399999618530273,3.2200000286102295,103
17:8:57:350,0.03380167484283447,0.007441043853759766,-0.1044607162475586,1.8113667964935303,-1.0169496536254883,9.346364974975586,6.019999980926514,1.3300000429153442,2.240000009536743,103
17:8:57:389,-0.170127272605896,0.1897217035293579,-0.05676841735839844,1.5649060010910034,-0.787238597869873,9.379864692687988,-5.110000133514404,-0.5600000023841858,4.690000057220459,103
17:8:57:430,0.1874077320098877,-0.02816295623779297,-0.010957717895507812,1.9692929983139038,-1.0121639966964722,9.422935485839844,-4.480000019073486,1.3300000429153442,2.1700000762939453,103
17:8:57:469,-0.4166942834854126,-0.19672775268554688,0.16160297393798828,1.2610174417495728,-1.2299107313156128,9.635896682739258,51.79999923706055,-4.340000152587891,1.1200000047683716,103
17:8:57:509,-0.17447197437286377,0.43603768944740295,0.2671089172363281,1.459621787071228,-0.48813584446907043,9.80817985534668,27.440000534057617,-17.639999389648438,11.0600004196167,103
17:8:57:550,0.41555726528167725,0.010006487369537354,0.10457420349121094,2.1535403728485107,-0.9116654396057129,9.671788215637207,9.100000381469727,-25.270000457763672,4.059999942779541,103
17:8:57:589,-0.16143286228179932,0.12668919563293457,-0.11350822448730469,1.5361920595169067,-0.763310432434082,9.425328254699707,-3.7799999713897705,-33.7400016784668,18.34000015258789,103
17:8:57:630,0.7552410364151001,-0.01733267307281494,-0.3224315643310547,2.641676187515259,-0.9116654396057129,9.135796546936035,-2.870000123977661,-39.7599983215332,35.13999938964844,103
17:8:57:670,0.9372737407684326,0.10481786727905273,-0.42640018463134766,3.058027505874634,-0.763310432434082,8.925228118896484,-10.430000305175781,-14.90999984741211,21.700000762939453,103
17:8:57:712,0.03771471977233887,-0.3947101831436157,-0.4827747344970703,2.1678972244262695,-1.361515998840332,8.748159408569336,-27.649999618530273,-1.8200000524520874,4.550000190734863,103
17:8:57:747,0.6427342891693115,-0.24685490131378174,-0.1699085235595703,2.933600425720215,-1.275374412536621,9.018548011779785,1.8200000524520874,-15.960000038146973,0.6299999952316284,103
17:8:57:785,0.4816451072692871,-0.02711498737335205,-0.18952560424804688,2.8929224014282227,-1.062413215637207,8.951549530029297,6.230000019073486,-4.550000190734863,-11.760000228881836,103
17:8:57:826,0.28577494621276855,0.01850736141204834,0.13743305206298828,2.768495798110962,-1.0121639966964722,9.3128662109375,13.020000457763672,0.699999988079071,-12.460000038146973,103
17:8:57:866,0.6784706115722656,0.16028958559036255,0.23820114135742188,3.3308091163635254,-0.8303093910217285,9.473184585571289,-11.0600004196167,13.369999885559082,4.409999847412109,103
17:8:57:906,-0.3626675605773926,-0.2086777687072754,0.3015880584716797,2.1990041732788086,-1.2514461278915405,9.611968994140625,11.6899995803833,10.220000267028809,-6.510000228881836,103
17:8:57:945,0.1635448932647705,0.03405475616455078,0.24318504333496094,2.7661027908325195,-1.0001999139785767,9.614361763000488,7.909999847412109,11.619999885559082,-11.199999809265137,103
17:8:57:986,-0.09313201904296875,-0.07038331031799316,0.07969188690185547,2.486142873764038,-1.1222338676452637,9.470791816711426,-7.630000114440918,8.260000228881836,-2.940000057220459,103
17:8:58:25,0.4442582130432129,0.198289692401886,-0.09512901306152344,3.1345977783203125,-0.8039883971214294,9.272188186645508,12.109999656677246,5.039999961853027,-3.9200000762939453,105
17:8:58:67,-0.16144323348999023,0.024633705615997314,-0.13544559478759766,2.4885356426239014,-0.97148597240448,9.198010444641113,2.5199999809265137,1.8899999856948853,6.650000095367432,105
17:8:58:105,-0.3473801612854004,-0.018578171730041504,-0.1370706558227539,2.2157537937164307,-1.0193424224853516,9.162117958068848,1.0499999523162842,-0.8400000333786011,11.480000495910645,105
17:8:58:146,0.13748979568481445,0.09042161703109741,0.10474014282226562,2.7349963188171387,-0.8877372145652771,9.430113792419434,18.479999542236328,15.680000305175781,10.359999656677246,105
17:8:58:185,-0.16374707221984863,0.13742202520370483,-0.07700538635253906,2.392822742462158,-0.8063812851905823,9.229117393493652,-8.960000038146973,-4.829999923706055,6.019999980926514,105
17:8:58:234,0.06425642967224121,-0.06234562397003174,-0.009920120239257812,2.636890411376953,-1.0217353105545044,9.293723106384277,3.2899999618530273,-1.8899999856948853,6.789999961853027,105
17:8:58:277,-0.1553347110748291,0.06115049123764038,-0.007936477661132812,2.3784656524658203,-0.882951557636261,9.293723106384277,4.059999942779541,-0.14000000059604645,6.650000095367432,105
17:8:58:315,-0.06875419616699219,0.002978205680847168,-0.07526206970214844,2.447857618331909,-0.94037926197052,9.207581520080566,-4.340000152587891,-5.880000114440918,4.550000190734863,105
17:8:58:350,-0.012889862060546875,0.04832470417022705,-0.02766704559326172,2.5004994869232178,-0.882951557636261,9.248259544372559,13.720000267028809,-6.230000019073486,1.0499999523162842,105
17:8:58:391,-0.11559605598449707,0.25305670499801636,0.18077754974365234,2.368894338607788,-0.6149553656578064,9.501898765563965,6.300000190734863,-6.579999923706055,-0.5600000023841858,105
17:8:58:429,0.15254807472229004,0.10290390253067017,-0.0410614013671875,2.675175428390503,-0.7393822073936462,9.269794464111328,-4.829999923706055,2.1700000762939453,2.5199999809265137,105
17:8:58:471,0.018668651580810547,0.1512364149093628,-0.029020309448242188,2.5459630489349365,-0.6532405614852905,9.274580955505371,7.070000171661377,1.75,5.670000076293945,105
17:8:58:511,-0.04632139205932617,0.11333215236663818,0.011240005493164062,2.469392776489258,-0.662811815738678,9.31765079498291,1.8899999856948853,-0.5600000023841858,0.7699999809265137,105
17:8:58:550,0.035685062408447266,0.18446433544158936,-0.008235931396484375,2.5603203773498535,-0.5455635190010071,9.29611587524414,6.440000057220459,-2.5199999809265137,-5.039999961853027,105
17:8:58:591,0.2525162696838379,0.107371985912323,-0.019988059997558594,2.840280532836914,-0.5958128571510315,9.279366493225098,0.2800000011920929,-2.6600000858306885,-2.0299999713897705,105
17:8:58:630,-0.1616959571838379,0.05144095420837402,-0.06958961486816406,2.3856441974639893,-0.638883650302887,9.212367057800293,-1.0499999523162842,-8.470000267028809,0.49000000953674316,105
17:8:58:672,0.06972599029541016,-0.05456012487411499,0.009412765502929688,2.63449764251709,-0.7585247755050659,9.293723106384277,-5.179999828338623,-5.809999942779541,10.079999923706055,105
17:8:58:709,0.0615236759185791,-0.06279069185256958,-0.049897193908691406,2.641676187515259,-0.7824530005455017,9.221939086914062,-7.070000171661377,-2.240000009536743,3.569999933242798,105
17:8:58:752,0.15833163261413574,-0.10191750526428223,0.11513710021972656,2.778067111968994,-0.8470591902732849,9.415757179260254,5.809999942779541,-1.8200000524520874,5.599999904632568,105
17:8:58:790,0.22237825393676758,-0.05282014608383179,0.042339324951171875,2.8977081775665283,-0.8111668825149536,9.353544235229492,3.430000066757202,-3.640000104904175,-0.699999988079071,105
17:8:58:831,0.06687545776367188,-0.03459906578063965,0.05301380157470703,2.7589242458343506,-0.8015955686569214,9.377471923828125,0.07000000029802322,3.569999933242798,-3.5,105
17:8:58:871,0.1664416790008545,-0.05065029859542847,-0.041815757751464844,2.9001009464263916,-0.8303093910217285,9.272188186645508,4.269999980926514,6.369999885559082,0.3499999940395355,105
17:8:58:912,-0.0027589797973632812,0.01882171630859375,-0.11002349853515625,2.730210542678833,-0.7561319470405579,9.176474571228027,-0.6299999952316284,6.929999828338623,1.6800000667572021,105
17:8:58:951,-0.27594614028930664,0.030371427536010742,-0.16458892822265625,2.3880369663238525,-0.7369893789291382,9.080761909484863,-1.5399999618530273,2.1700000762939453,0.07000000029802322,105
17:8:58:992,-0.07144474983215332,0.1104387640953064,-0.1182718276977539,2.5746772289276123,-0.6293123364448547,9.097511291503906,-2.309999942779541,-1.3300000429153442,2.0999999046325684,105
17:8:59:30,0.10364198684692383,0.01752340793609619,-0.048675537109375,2.775674343109131,-0.7178468108177185,9.154938697814941,-1.1200000047683716,-3.0799999237060547,0.2800000011920929,105
17:8:59:72,0.11162734031677246,0.06187528371810913,0.05103111267089844,2.8115665912628174,-0.6580261588096619,9.267402648925781,2.799999952316284,-2.309999942779541,2.240000009536743,105
17:8:59:112,0.04335975646972656,-0.009841859340667725,0.10590934753417969,2.754138946533203,-0.7322037816047668,9.34875774383545,7.28000020980835,-0.5600000023841858,5.039999961853027,105
17:8:59:151,-0.14525270462036133,0.07635390758514404,0.12109947204589844,2.5292134284973145,-0.6269195079803467,9.394222259521484,2.940000057220459,-0.5600000023841858,2.5199999809265137,105
17:8:59:192,0.06565260887145996,0.08788269758224487,0.07582283020019531,2.7565319538116455,-0.5934200286865234,9.367900848388672,4.619999885559082,-0.7699999809265137,-0.21000000834465027,105
17:8:59:230,-0.09679031372070312,0.04542076587677002,0.001316070556640625,2.5698914527893066,-0.6245267391204834,9.293723106384277,-2.380000114440918,0.8400000333786011,0.8400000333786011,105
17:8:59:273,-0.0008616447448730469,0.1435350775718689,-0.08891677856445312,2.665604591369629,-0.4905286431312561,9.18126106262207,-1.0499999523162842,0.9100000262260437,0.21000000834465027,105
17:8:59:311,-0.03897452354431152,0.05740034580230713,-0.06730461120605469,2.6177480220794678,-0.5623133182525635,9.186046600341797,-0.14000000059604645,1.3300000429153442,0.21000000834465027,105
17:8:59:352,-0.03883695602416992,-0.009593188762664795,-0.09404373168945312,2.6081764698028564,-0.6317051649093628,9.135796546936035,-1.3300000429153442,-1.6800000667572021,-1.6100000143051147,105
17:8:59:391,0.202470064163208,0.04209613800048828,0.012821197509765625,2.9001009464263916,-0.5694918036460876,9.245866775512695,3.2899999618530273,-0.9100000262260437,3.5,105
17:8:59:432,-0.13856244087219238,0.07387632131576538,-0.1601123809814453,2.524427890777588,-0.519242525100708,9.032905578613281,-0.49000000953674316,-1.75,11.0600004196167,105
17:8:59:472,0.36771464347839355,-0.1208391785621643,-0.00557708740234375,3.122633695602417,-0.7441678047180176,9.186046600341797,0.21000000834465027,-8.470000267028809,10.149999618530273,105
17:8:59:548,0.10657429695129395,-0.05072915554046631,0.11230754852294922,2.888136863708496,-0.6867401003837585,9.332008361816406,-4.690000057220459,-8.539999961853027,3.3600001335144043,105
17:8:59:550,0.027831554412841797,-0.11715364456176758,0.18747329711914062,2.816352128982544,-0.7824530005455017,9.454042434692383,3.430000066757202,-3.569999933242798,8.260000228881836,105
17:8:59:584,0.018436908721923828,-0.03246670961380005,-0.07207584381103516,2.8115665912628174,-0.705882728099823,9.176474571228027,13.369999885559082,15.050000190734863,7.28000020980835,105
17:8:59:628,-0.3566164970397949,0.21522319316864014,0.34050559997558594,2.3473589420318604,-0.4043869972229004,9.674181938171387,3.1500000953674316,24.290000915527344,-19.31999969482422,105
17:8:59:684,-0.29677867889404297,-0.005847454071044922,0.008236885070800781,2.3330020904541016,-0.6269195079803467,9.343972206115723,-1.2599999904632568,16.520000457763672,14.140000343322754,105
17:8:59:706,-0.34270715713500977,-0.025734782218933105,-0.16952228546142578,2.2013967037200928,-0.6532405614852905,9.123832702636719,3.3600001335144043,3.1500000953674316,6.440000057220459,105
17:8:59:748,0.03211569786071777,-0.04738742113113403,-0.05138969421386719,2.5842485427856445,-0.6867401003837585,9.229117393493652,-0.49000000953674316,-3.3600001335144043,0.9100000262260437,105
17:8:59:792,-0.18296170234680176,0.09034538269042969,-0.008569717407226562,2.3234307765960693,-0.5264209508895874,9.269794464111328,-4.409999847412109,4.059999942779541,7.630000114440918,105
17:8:59:822,-0.32439541816711426,0.1488465666770935,-0.15233898162841797,2.100898265838623,-0.430708110332489,9.087940216064453,-4.760000228881836,1.399999976158142,-2.0299999713897705,105
17:8:59:863,-0.01449131965637207,0.02719295024871826,-0.03381538391113281,2.407179594039917,-0.5455635190010071,9.198010444641113,-1.5399999618530273,0.5600000023841858,-2.380000114440918,105
17:8:59:902,0.005635261535644531,0.08109629154205322,0.06865978240966797,2.4287149906158447,-0.4713860750198364,9.31765079498291,3.5,-0.3499999940395355,4.199999809265137,105
17:8:59:943,0.021736621856689453,-0.013607561588287354,0.1525554656982422,2.4502503871917725,-0.5694918036460876,9.439685821533203,0.07000000029802322,-3.5,-4.619999885559082,105
17:9:4:426,-0.030060291290283203,0.057599976658821106,-0.11383533477783203,2.1894328594207764,-0.19621144235134125,9.233902931213379,12.039999961853027,-4.059999942779541,-4.829999923706055,104
17:9:4:469,-0.2059028148651123,0.14753565192222595,0.09461402893066406,1.9621145725250244,-0.06939186155796051,9.4660062789917,-0.07000000029802322,-0.699999988079071,-1.9600000381469727,104
17:9:4:507,0.3272421360015869,0.020401373505592346,-0.010450363159179688,2.5770699977874756,-0.19142580032348633,9.358329772949219,-3.5,-1.8899999856948853,3.1500000953674316,104
17:9:4:547,-0.01768803596496582,0.07949160039424896,0.11223793029785156,2.227717876434326,-0.11246266961097717,9.509077072143555,0.699999988079071,-3.009999990463257,2.5899999141693115,104
17:9:4:587,-0.3357459306716919,0.05785050988197327,0.11467552185058594,1.8257235288619995,-0.11964112520217896,9.540184020996094,-5.039999961853027,-0.7699999809265137,2.940000057220459,104
17:9:4:627,-0.061856746673583984,-0.06091804802417755,-0.00014400482177734375,2.084148406982422,-0.25363919138908386,9.425328254699707,2.870000123977661,-3.640000104904175,-2.1700000762939453,104
17:9:4:669,0.06345582008361816,0.043149933218955994,-0.009687423706054688,2.225324869155884,-0.13878372311592102,9.413363456726074,-0.7699999809265137,-3.569999933242798,-3.990000009536743,104
17:9:4:708,-0.039205312728881836,0.023034408688545227,0.07264900207519531,2.1128623485565186,-0.15314064919948578,9.513862609863281,-6.579999923706055,1.190000057220459,3.2200000286102295,104
17:9:4:748,-0.09836339950561523,-0.008372083306312561,0.014090538024902344,2.029113531112671,-0.1866401582956314,9.458827018737793,-1.4700000286102295,0.9800000190734863,2.450000047683716,104
17:9:4:789,0.42284488677978516,-0.15409556031227112,-0.11123943328857422,2.6560330390930176,-0.37088751792907715,9.305686950683594,0.7699999809265137,-2.5899999141693115,-0.699999988079071,104
17:9:4:831,0.0013663768768310547,-0.1385905146598816,-0.027734756469726562,2.234896183013916,-0.3900300860404968,9.382257461547852,1.4700000286102295,-1.8200000524520874,2.380000114440918,104
17:9:4:875,-0.04867744445800781,0.07481062412261963,0.04098320007324219,2.172683000564575,-0.1579262912273407,9.461220741271973,2.6600000858306885,-0.8400000333786011,-0.49000000953674316,104
17:9:4:913,0.016571521759033203,0.052191466093063354,0.0059871673583984375,2.242074966430664,-0.16749757528305054,9.42772102355957,-7.139999866485596,-0.7699999809265137,-4.690000057220459,104
17:9:4:951,-0.06905603408813477,-0.10564470291137695,-0.08518028259277344,2.139183282852173,-0.3517449200153351,9.315258979797363,-0.5600000023841858,3.1500000953674316,2.309999942779541,104
17:9:4:990,-0.045673370361328125,-0.002202659845352173,0.0007686614990234375,2.1511476039886475,-0.24885354936122894,9.401400566101074,5.179999828338623,2.0299999713897705,0.07000000029802322,104
17:9:5:29,-0.07482385635375977,0.07672245800495148,0.017843246459960938,2.1032910346984863,-0.15074782073497772,9.422935485839844,-4.900000095367432,1.0499999523162842,-2.450000047683716,103
17:9:5:70,-0.04454493522644043,-0.041991978883743286,-0.10440921783447266,2.122433662414551,-0.2799602448940277,9.274580955505371,-7.070000171661377,0.6299999952316284,-7.139999866485596,103
17:9:5:109,-0.026064634323120117,-0.09293559193611145,-0.029928207397460938,2.1343977451324463,-0.35413774847984314,9.34157943725586,-11.0600004196167,-0.5600000023841858,-13.300000190734863,103
17:9:5:152,-3.213834285736084,3.336859703063965,-3.2379822731018066,-1.856830358505249,3.90987229347229,5.32403039932251,-40.529998779296875,-9.100000381469727,-20.15999984741211,103
17:9:5:193,-0.2701292037963867,-2.9239745140075684,1.7434940338134766,1.0193424224853516,-3.081955671310425,10.74138069152832,-7.139999866485596,-31.639999389648438,27.93000030517578,103
17:9:5:235,-0.4821851849555969,-0.20478174090385437,0.5965490341186523,0.6867401003837585,-0.413958340883255,9.743573188781738,13.09000015258789,23.239999771118164,3.0799999237060547,103
17:9:5:273,1.2164859771728516,-0.20976758003234863,0.10970211029052734,2.68953275680542,-0.4713860750198364,9.284152030944824,-10.710000038146973,-3.430000066757202,-0.699999988079071,103
17:9:5:310,0.4505962133407593,-0.5946935415267944,0.11839008331298828,2.03629207611084,-1.0049854516983032,9.322437286376953,1.4700000286102295,5.110000133514404,-7.070000171661377,103
17:9:5:350,0.6629297733306885,-0.20393022894859314,0.06982612609863281,2.414358139038086,-0.6652047038078308,9.291330337524414,-2.1700000762939453,1.4700000286102295,-4.269999980926514,103
17:9:5:389,0.4767444133758545,-0.2378002405166626,0.06543159484863281,2.3473589420318604,-0.7585247755050659,9.30329418182373,-3.0799999237060547,-0.2800000011920929,-3.7100000381469727,103
17:9:5:429,0.4196808338165283,-0.14429795742034912,0.1136016845703125,2.3952155113220215,-0.7010970115661621,9.379864692687988,-1.8899999856948853,0.07000000029802322,-3.009999990463257,103
17:9:5:470,0.30703067779541016,-0.03695380687713623,0.08131027221679688,2.359323024749756,-0.6029912829399109,9.367900848388672,-1.8899999856948853,-0.14000000059604645,-2.309999942779541,103
17:9:5:512,0.25519609451293945,-0.0467914342880249,0.022934913635253906,2.3712873458862305,-0.6245267391204834,9.315258979797363,-2.240000009536743,-0.14000000059604645,-1.8899999856948853,103
17:9:5:553,0.1888427734375,0.0812508761882782,0.029832839965820312,2.352144718170166,-0.47617170214653015,9.329615592956543,-1.4700000286102295,0.07000000029802322,-2.5899999141693115,103
17:9:5:604,0.0630183219909668,-0.0728258490562439,0.05832195281982422,2.242074966430664,-0.6484549045562744,9.372685432434082,-2.240000009536743,-0.14000000059604645,-2.380000114440918,103
17:9:5:632,0.10018515586853027,-0.039118170738220215,0.11174297332763672,2.304288148880005,-0.6245267391204834,9.454042434692383,-0.21000000834465027,-0.21000000834465027,-1.75,103
17:9:5:673,0.10694766044616699,-0.10977905988693237,0.1295938491821289,2.337787628173828,-0.7226324081420898,9.504291534423828,-0.8400000333786011,0.3499999940395355,-1.2599999904632568,103
17:9:5:711,0.07598686218261719,-0.005510151386260986,0.08644676208496094,2.3258235454559326,-0.6197410225868225,9.482755661010742,-0.9100000262260437,0.699999988079071,-0.6299999952316284,103
17:9:5:754,0.06461811065673828,-0.04652184247970581,0.06532859802246094,2.3306093215942383,-0.672383189201355,9.477970123291016,-0.7699999809265137,1.6100000143051147,-0.2800000011920929,103
17:9:5:793,0.08806538581848145,-0.07741683721542358,0.02929210662841797,2.376072883605957,-0.7226324081420898,9.449256896972656,-1.3300000429153442,0.699999988079071,-0.07000000029802322,103
17:9:5:832,-0.023346424102783203,-0.00833427906036377,-0.05313682556152344,2.258824586868286,-0.6556334495544434,9.353544235229492,-0.07000000029802322,1.6800000667572021,0.21000000834465027,103
17:9:5:873,0.015779495239257812,-0.03346705436706543,-0.07313728332519531,2.3018953800201416,-0.6891329884529114,9.315258979797363,-1.9600000381469727,0.2800000011920929,0.7699999809265137,103
17:9:5:912,-0.062032461166381836,0.04788243770599365,-0.05659675598144531,2.2085752487182617,-0.5958128571510315,9.31765079498291,-0.42000001668930054,0.42000001668930054,0.07000000029802322,103
17:9:5:953,0.0020589828491210938,0.105305016040802,-0.022306442260742188,2.273181438446045,-0.5120640397071838,9.346364974975586,-0.6299999952316284,-1.0499999523162842,0.07000000029802322,103
17:9:5:996,-0.00026702880859375,0.0038451552391052246,-0.0025310516357421875,2.2707886695861816,-0.6125625967979431,9.365508079528809,-0.8400000333786011,-0.699999988079071,-1.190000057220459,103
17:9:6:111,-0.021270275115966797,-0.02563774585723877,0.08603096008300781,2.2444677352905273,-0.6484549045562744,9.475577354431152,-0.07000000029802322,0.14000000059604645,-1.399999976158142,103
17:9:6:113,0.013611793518066406,-0.12770867347717285,-0.07665824890136719,2.282752752304077,-0.7824530005455017,9.293723106384277,0.49000000953674316,-0.14000000059604645,-1.0499999523162842,103
17:9:6:116,0.022375106811523438,-0.016025304794311523,-0.0019845962524414062,2.297109842300415,-0.6747759580612183,9.367900848388672,-1.399999976158142,-0.21000000834465027,-0.5600000023841858,103
17:9:6:153,0.0638422966003418,-0.05876249074935913,0.0003261566162109375,2.3545374870300293,-0.7322037816047668,9.370293617248535,0.2800000011920929,-0.42000001668930054,-0.42000001668930054,103
17:9:6:204,0.005131721496582031,0.006589233875274658,0.028974533081054688,2.297109842300415,-0.6652047038078308,9.4061861038208,-0.6299999952316284,-0.21000000834465027,-0.5600000023841858,103
17:9:6:242,0.004105329513549805,0.007185697555541992,-0.009363174438476562,2.297109842300415,-0.662811815738678,9.365508079528809,-1.1200000047683716,-0.42000001668930054,-0.42000001668930054,103
17:9:6:282,0.026255130767822266,-0.007651209831237793,0.07290840148925781,2.3258235454559326,-0.6795615553855896,9.4660062789917,-0.9100000262260437,0.14000000059604645,-0.3499999940395355,103
17:9:6:317,0.013347148895263672,0.005364477634429932,-0.027814865112304688,2.3162522315979004,-0.6652047038078308,9.358329772949219,-0.9800000190734863,0.42000001668930054,-0.14000000059604645,103
17:9:6:358,-0.056321144104003906,-0.16224884986877441,-0.0796804428100586,2.232503652572632,-0.8733802437782288,9.286543846130371,1.190000057220459,0.9100000262260437,0.21000000834465027,103
17:9:6:392,0.07936978340148926,0.009941697120666504,-0.03885841369628906,2.3880369663238525,-0.6987042427062988,9.31765079498291,-0.21000000834465027,1.1200000047683716,0.7699999809265137,103
17:9:6:434,0.0003254413604736328,0.044324278831481934,0.007199287414550781,2.3090739250183105,-0.6532405614852905,9.365508079528809,1.9600000381469727,2.309999942779541,0.21000000834465027,103
17:9:6:474,0.007917404174804688,0.21731391549110413,0.028730392456054688,2.3186452388763428,-0.4259224236011505,9.394222259521484,2.450000047683716,2.5899999141693115,-1.5399999618530273,103
17:9:6:514,-0.1889204978942871,0.0015679001808166504,0.10338306427001953,2.0745770931243896,-0.6412764191627502,9.494720458984375,-1.6100000143051147,0.42000001668930054,-1.8899999856948853,103
17:9:6:554,0.03263235092163086,-0.09637290239334106,0.19756126403808594,2.304288148880005,-0.763310432434082,9.638289451599121,-2.940000057220459,-1.2599999904632568,-1.5399999618530273,103
17:9:6:594,0.09119081497192383,0.0013862252235412598,0.12742042541503906,2.3856441974639893,-0.6652047038078308,9.600004196166992,-3.2200000286102295,2.0299999713897705,-1.5399999618530273,103
17:9:6:633,0.03275322914123535,0.03556561470031738,0.008137702941894531,2.335394859313965,-0.6221339106559753,9.482755661010742,-1.8200000524520874,4.059999942779541,-0.8400000333786011,103
17:9:6:675,-0.08099603652954102,0.005481362342834473,-0.08345985412597656,2.2013967037200928,-0.6508477926254272,9.370293617248535,-1.1200000047683716,5.460000038146973,-1.6100000143051147,103
17:9:6:713,-0.04948258399963379,-0.14301276206970215,-0.07825279235839844,2.2205395698547363,-0.8350951075553894,9.355937004089355,-3.009999990463257,4.130000114440918,-0.2800000011920929,103
17:9:6:754,-0.05298614501953125,-0.020611584186553955,-0.16405773162841797,2.203789472579956,-0.7178468108177185,9.229117393493652,-3.009999990463257,4.409999847412109,-0.3499999940395355,103
17:9:6:796,-0.15150141716003418,0.016053080558776855,-0.24035930633544922,2.0673987865448,-0.6771688461303711,9.09272575378418,0.6299999952316284,3.0799999237060547,-0.8400000333786011,103
17:9:6:833,-0.06568765640258789,-0.04841381311416626,-0.08317375183105469,2.1367905139923096,-0.7537391781806946,9.229117393493652,0.7699999809265137,0.07000000029802322,-0.07000000029802322,103
17:9:6:885,-0.004693508148193359,0.01678246259689331,0.06937313079833984,2.196611166000366,-0.6843472719192505,9.399007797241211,1.6100000143051147,0.2800000011920929,0.3499999940395355,103
17:9:6:923,0.00007367134094238281,0.11679589748382568,0.07846927642822266,2.2013967037200928,-0.5551348924636841,9.42772102355957,1.5399999618530273,0.2800000011920929,0.3499999940395355,103
17:9:6:963,-0.0458831787109375,0.043666064739227295,0.13168907165527344,2.1439690589904785,-0.6173481941223145,9.513862609863281,-0.07000000029802322,-0.42000001668930054,-1.5399999618530273,103
17:9:6:998,-0.0635061264038086,-0.14692175388336182,0.03643798828125,2.1104695796966553,-0.8446664214134216,9.42772102355957,-0.699999988079071,-0.2800000011920929,-1.3300000429153442,103
17:9:7:40,-0.06611895561218262,-0.06010967493057251,-0.05124855041503906,2.091326951980591,-0.7728817462921143,9.327221870422363,0.699999988079071,-0.14000000059604645,-0.14000000059604645,104
17:9:7:80,-0.20986425876617432,0.22565114498138428,-0.02377033233642578,1.8951154947280884,-0.430708110332489,9.34875774383545,5.25,1.2599999904632568,-0.07000000029802322,104
17:9:7:118,0.16518950462341309,0.021637558937072754,-0.0037021636962890625,2.311466693878174,-0.6293123364448547,9.367900848388672,-3.569999933242798,-2.7300000190734863,-0.7699999809265137,104
17:9:7:160,-0.20092928409576416,0.08430910110473633,0.08509349822998047,1.8951154947280884,-0.5455635190010071,9.477970123291016,-4.269999980926514,-9.65999984741211,-10.920000076293945,104
17:9:7:198,-0.04205942153930664,0.27610138058662415,0.23652935028076172,2.043470621109009,-0.2847459018230438,9.688538551330566,4.269999980926514,0.7699999809265137,2.380000114440918,104
17:9:7:236,0.3760037422180176,-0.18685591220855713,0.0628824234008789,2.555534601211548,-0.794417142868042,9.530611991882324,-1.2599999904632568,0.42000001668930054,-0.3499999940395355,104
17:9:7:275,0.023235559463500977,-0.16671305894851685,-0.06646347045898438,2.2085752487182617,-0.8159525394439697,9.384650230407715,-0.3499999940395355,0.2800000011920929,-3.009999990463257,104
17:9:7:312,0.00710296630859375,-0.0032008886337280273,-0.2541675567626953,2.194218397140503,-0.6532405614852905,9.133403778076172,9.520000457763672,1.6100000143051147,-4.409999847412109,104
17:9:7:364,0.28133559226989746,0.22715023159980774,-0.09996414184570312,2.538784980773926,-0.3661018908023834,9.262616157531738,11.970000267028809,7.349999904632568,5.179999828338623,104
17:9:7:406,-0.29943835735321045,0.2372336983680725,0.11911201477050781,1.8831514120101929,-0.2967100143432617,9.511469841003418,-7.699999809265137,4.130000114440918,6.860000133514404,104
17:9:7:443,-0.07683873176574707,-0.12223708629608154,0.08954715728759766,2.0865414142608643,-0.6867401003837585,9.504291534423828,3.9200000762939453,6.579999923706055,1.8200000524520874,104
17:9:7:484,0.011270999908447266,0.06300801038742065,-0.016417503356933594,2.177468776702881,-0.48574298620224,9.394222259521484,10.359999656677246,3.7100000381469727,2.5899999141693115,104
17:9:7:519,-0.09818172454833984,0.11166268587112427,0.023237228393554688,2.043470621109009,-0.4091726541519165,9.439685821533203,2.309999942779541,3.569999933242798,4.409999847412109,104
17:9:7:560,0.09373784065246582,0.06061631441116333,-0.04649543762207031,2.258824586868286,-0.4450649619102478,9.358329772949219,-3.430000066757202,2.5199999809265137,5.110000133514404,104
17:9:7:599,0.04819059371948242,-0.09316211938858032,0.02406024932861328,2.225324869155884,-0.6221339106559753,9.434900283813477,0.7699999809265137,-2.450000047683716,-1.3300000429153442,104
17:9:7:640,-0.16435861587524414,0.07861095666885376,-0.10326480865478516,1.9716858863830566,-0.430708110332489,9.281759262084961,6.300000190734863,-0.42000001668930054,2.5899999141693115,104
17:9:7:680,0.18053722381591797,0.12414506077766418,0.05138587951660156,2.3617160320281982,-0.35413774847984314,9.449256896972656,8.329999923706055,-4.199999809265137,-4.340000152587891,104
17:9:7:719,0.07743072509765625,0.16631507873535156,0.020051956176757812,2.2779672145843506,-0.27038896083831787,9.422935485839844,1.2599999904632568,-0.21000000834465027,5.110000133514404,104
17:9:7:761,-0.22902274131774902,0.031596362590789795,-0.0031003952026367188,1.9142580032348633,-0.397208571434021,9.399007797241211,-2.0999999046325684,1.6800000667572021,5.320000171661377,104
17:9:7:800,-0.12770462036132812,0.09801891446113586,0.0032625198364257812,1.9836499691009521,-0.30628129839897156,9.4061861038208,2.380000114440918,-1.0499999523162842,5.809999942779541,104
17:9:7:840,0.03566312789916992,0.06692960858345032,0.09257984161376953,2.155933380126953,-0.3206382095813751,9.518648147583008,5.320000171661377,-3.7799999713897705,6.440000057220459,104
17:9:7:880,0.30992627143859863,0.29665443301200867,-0.004420280456542969,2.5076780319213867,-0.016749758273363113,9.42054271697998,2.5199999809265137,4.550000190734863,-0.2800000011920929,104
17:9:7:919,0.02014446258544922,-0.07852905988693237,-0.02267932891845703,2.2229323387145996,-0.41156551241874695,9.396614074707031,-6.369999885559082,6.300000190734863,-3.0799999237060547,104
17:9:7:961,-0.1963672637939453,-0.016881048679351807,-0.07557106018066406,1.9573287963867188,-0.35413774847984314,9.324830055236816,-19.040000915527344,-0.3499999940395355,-7.630000114440918,104
17:9:7:999,-0.15517961978912354,-0.1609027087688446,0.06779861450195312,1.9597216844558716,-0.5383850932121277,9.485149383544922,-4.619999885559082,-4.340000152587891,-10.779999732971191,104
17:9:8:41,0.03473973274230957,-0.1650930643081665,0.16335105895996094,2.1583259105682373,-0.5838487148284912,9.621540069580078,1.399999976158142,-2.7300000190734863,-8.260000228881836,104
17:9:8:80,0.2804739475250244,-0.04976135492324829,0.025396347045898438,2.4741785526275635,-0.4809573292732239,9.489934921264648,7.980000019073486,3.5,7.909999847412109,104
17:9:8:120,-1.079230546951294,-0.08575129508972168,-0.09071063995361328,0.8446664214134216,-0.5383850932121277,9.351150512695312,8.050000190734863,15.75,45.63999938964844,104
17:9:8:160,-0.14936625957489014,-0.0016020238399505615,-0.085968017578125,1.7371891736984253,-0.4546363055706024,9.33440113067627,10.010000228881836,-1.5399999618530273,23.100000381469727,104
17:9:8:201,-0.13480699062347412,0.06763166189193726,-0.034317970275878906,1.7180466651916504,-0.3684946894645691,9.377471923828125,-1.4700000286102295,-5.320000171661377,-5.110000133514404,104
17:9:8:240,0.2960629463195801,0.20724599063396454,-0.04085350036621094,2.2229323387145996,-0.17706887423992157,9.360722541809082,-10.359999656677246,-5.110000133514404,-19.389999389648438,104
17:9:8:281,0.269392728805542,0.035627275705337524,-0.03459739685058594,2.263610363006592,-0.3397807776927948,9.358329772949219,-18.6200008392334,1.3300000429153442,4.619999885559082,104
17:9:8:321,-0.14819490909576416,-0.20695200562477112,-0.03342151641845703,1.8089739084243774,-0.6340980529785156,9.351150512695312,-6.789999961853027,4.480000019073486,21.559999465942383,104
17:9:8:360,0.07095563411712646,-0.3340163230895996,-0.024822235107421875,2.045863389968872,-0.8446664214134216,9.353544235229492,3.640000104904175,1.75,18.059999465942383,104
17:9:8:401,-0.22271716594696045,-0.2097853422164917,-0.017943382263183594,1.6965112686157227,-0.7728817462921143,9.355937004089355,8.050000190734863,-0.9100000262260437,6.579999923706055,104
17:9:8:439,0.07642257213592529,0.04082590341567993,-0.05838298797607422,2.014756679534912,-0.5120640397071838,9.300901412963867,6.090000152587891,-3.2200000286102295,-6.369999885559082,104
17:9:8:482,0.09942317008972168,0.23940059542655945,0.09303474426269531,2.062613010406494,-0.25363919138908386,9.475577354431152,-3.3600001335144043,1.1200000047683716,-4.619999885559082,104
17:9:8:521,0.00871121883392334,0.021151483058929443,0.1222848892211914,1.9740787744522095,-0.4666004180908203,9.535398483276367,-6.159999847412109,1.8200000524520874,-4.269999980926514,104
17:9:8:562,0.38216352462768555,-0.14004790782928467,0.00594329833984375,2.4430718421936035,-0.662811815738678,9.42054271697998,-4.619999885559082,-1.399999976158142,4.340000152587891,104
17:9:8:600,-0.09243476390838623,-0.0029256343841552734,0.03538227081298828,1.9453648328781128,-0.5264209508895874,9.458827018737793,1.190000057220459,0.14000000059604645,0.42000001668930054,104
17:9:8:641,0.008365154266357422,-0.07508230209350586,-0.006150245666503906,2.0482561588287354,-0.6173481941223145,9.415757179260254,-4.760000228881836,0.8400000333786011,-0.3499999940395355,104
17:9:8:681,0.0717768669128418,-0.17874985933303833,0.09462165832519531,2.1296122074127197,-0.7657032012939453,9.540184020996094,4.409999847412109,1.0499999523162842,-5.110000133514404,104
17:9:8:722,0.13590598106384277,0.07331123948097229,0.048897743225097656,2.227717876434326,-0.49531427025794983,9.506684303283691,3.0799999237060547,1.8899999856948853,-2.799999952316284,104
17:9:8:760,0.0225832462310791,0.08927714824676514,-0.15230751037597656,2.1200408935546875,-0.4570291042327881,9.267402648925781,-3.2200000286102295,-0.14000000059604645,1.1200000047683716,104
17:9:8:800,-0.20781588554382324,-0.005148649215698242,-0.1122751235961914,1.8376877307891846,-0.552742063999176,9.279366493225098,7.559999942779541,2.1700000762939453,-5.599999904632568,104
17:9:8:840,-0.020769119262695312,0.03799474239349365,0.04226398468017578,2.0195422172546387,-0.5000999569892883,9.44447135925293,1.75,2.5199999809265137,-0.9800000190734863,104
17:9:8:881,-0.058728814125061035,0.03805285692214966,0.00701141357421875,1.9669002294540405,-0.4905286431312561,9.410971641540527,1.8200000524520874,-2.240000009536743,4.340000152587891,104
17:9:8:922,0.15018534660339355,0.061070412397384644,0.059207916259765625,2.2133607864379883,-0.45224347710609436,9.477970123291016,0.5600000023841858,-8.75,-2.940000057220459,104
17:9:8:961,0.19863295555114746,0.07757019996643066,0.037795066833496094,2.311466693878174,-0.4163511395454407,9.4660062789917,0.42000001668930054,2.450000047683716,1.6100000143051147,104
17:9:9:1,-0.019119739532470703,-0.02025693655014038,0.0914926528930664,2.0889341831207275,-0.519242525100708,9.542576789855957,-1.1200000047683716,0.2800000011920929,0.3499999940395355,103
17:9:9:41,0.01150369644165039,0.008679807186126709,0.029166221618652344,2.122433662414551,-0.48813584446907043,9.487542152404785,0.42000001668930054,-0.7699999809265137,-1.3300000429153442,103
17:9:9:83,-0.040567874908447266,0.04905754327774048,0.00801849365234375,2.060220241546631,-0.43549373745918274,9.468399047851562,-3.009999990463257,0.14000000059604645,-1.3300000429153442,103
17:9:9:120,-0.0898820161819458,-0.056466877460479736,-0.09121227264404297,1.9884356260299683,-0.5551348924636841,9.346364974975586,-8.399999618530273,-0.14000000059604645,-1.3300000429153442,103
17:9:9:162,0.31668877601623535,-0.06814455986022949,-0.06148338317871094,2.4741785526275635,-0.5838487148284912,9.360722541809082,0.7699999809265137,-2.870000123977661,1.399999976158142,103
17:9:9:201,0.08489656448364258,0.03545445203781128,-0.11427116394042969,2.263610363006592,-0.4713860750198364,9.279366493225098,-7.349999904632568,2.799999952316284,7.139999866485596,103
17:9:9:239,-0.3034489154815674,-0.44062960147857666,-0.0990743637084961,1.7994027137756348,-1.057627558708191,9.269794464111328,-3.0799999237060547,-8.119999885559082,2.1700000762939453,103
17:9:9:286,0.13434958457946777,0.13946065306663513,-0.5195388793945312,2.2707886695861816,-0.44267216324806213,8.71944522857666,2.380000114440918,-0.699999988079071,15.539999961853027,103
17:9:9:336,0.06536602973937988,-0.07602882385253906,0.40558624267578125,2.218146562576294,-0.6771688461303711,9.745966911315918,23.309999465942383,-8.75,16.940000534057617,103
17:9:9:356,0.40451645851135254,0.17080223560333252,0.2249279022216797,2.65842604637146,-0.38763725757598877,9.621540069580078,-7.349999904632568,-5.460000038146973,-6.789999961853027,103
17:9:9:395,0.5628952980041504,0.04092890024185181,0.18377113342285156,2.957528829574585,-0.5072783827781677,9.626325607299805,-32.970001220703125,34.22999954223633,-8.609999656677246,103
17:9:9:436,-2.1703031063079834,-0.20845335721969604,-0.37940406799316406,-0.31824538111686707,-0.8087739944458008,8.968299865722656,-18.6200008392334,32.7599983215332,34.15999984741211,103
17:9:9:475,0.5953238010406494,-0.201219379901886,0.11761283874511719,2.596212387084961,-0.851844847202301,9.494720458984375,35.84000015258789,-5.809999942779541,1.9600000381469727,103
17:9:9:512,0.5758004188537598,0.18359097838401794,0.09409046173095703,2.720639228820801,-0.4211367666721344,9.494720458984375,19.809999465942383,2.1700000762939453,1.4700000286102295,103
17:9:9:554,-0.2974057197570801,0.06838816404342651,0.08101463317871094,1.7730815410614014,-0.519242525100708,9.501898765563965,0.49000000953674316,4.199999809265137,-2.5899999141693115,103
17:9:9:593,-0.10966932773590088,-0.12140119075775146,-0.023244857788085938,1.9334007501602173,-0.7393822073936462,9.391828536987305,-4.269999980926514,-3.1500000953674316,-15.329999923706055,103
17:9:9:633,-0.10304975509643555,0.3699580430984497,0.019689559936523438,1.9142580032348633,-0.15553347766399384,9.439685821533203,-13.720000267028809,-0.42000001668930054,-26.31999969482422,103
17:9:9:674,0.015187501907348633,-0.06199979782104492,-0.10293292999267578,2.03629207611084,-0.6029912829399109,9.291330337524414,-8.470000267028809,-5.389999866485596,-4.199999809265137,103
17:35:13:518,-0.3090609312057495,-0.1237483024597168,-0.3015451431274414,1.5984054803848267,2.5818557739257812,8.738588333129883,-3.8499999046325684,5.740000247955322,-4.96999979019165,111
17:35:13:540,-0.11707913875579834,-0.08177042007446289,-0.00386810302734375,1.7611174583435059,2.603391170501709,9.035298347473145,-3.640000104904175,-0.699999988079071,-5.949999809265137,111
17:35:13:580,0.07096290588378906,-0.16304349899291992,0.0639047622680664,1.9669002294540405,2.4813570976257324,9.119047164916992,-3.2200000286102295,-7.840000152587891,-3.990000009536743,111
17:35:13:621,-0.025542736053466797,-0.10363507270812988,0.13918018341064453,1.864008903503418,2.5148565769195557,9.229117393493652,2.1700000762939453,-0.5600000023841858,-2.5899999141693115,111
17:35:13:660,0.12696361541748047,0.08746075630187988,0.19748497009277344,2.0482561588287354,2.7278177738189697,9.336793899536133,-1.5399999618530273,-2.870000123977661,-0.699999988079071,111
17:35:13:700,0.13411331176757812,-0.03723001480102539,0.08716011047363281,2.0889341831207275,2.5938196182250977,9.248259544372559,-11.550000190734863,3.640000104904175,-2.0999999046325684,111
17:35:13:741,0.07283401489257812,-0.19823861122131348,0.023786544799804688,2.045863389968872,2.383251428604126,9.190832138061523,-6.789999961853027,2.0299999713897705,-3.009999990463257,111
17:35:13:780,-0.05658841133117676,-0.14519119262695312,0.04582786560058594,1.9022939205169678,2.400001049041748,9.22433090209961,-3.5,-0.5600000023841858,-3.7799999713897705,111
17:35:13:822,0.017899751663208008,-0.09318184852600098,-0.028421401977539062,1.9812570810317993,2.4287149906158447,9.142975807189941,-6.019999980926514,1.8899999856948853,-3.2899999618530273,111
17:35:13:861,-0.12350666522979736,-0.15877294540405273,-0.0016803741455078125,1.8089739084243774,2.3234307765960693,9.169296264648438,-15.329999923706055,10.569999694824219,-0.49000000953674316,111
17:35:13:901,-0.07774853706359863,-0.1978459358215332,0.019712448120117188,1.8352948427200317,2.234896183013916,9.19561767578125,-9.59000015258789,4.199999809265137,-3.5,111
17:35:13:941,-0.03348493576049805,-0.13147711753845215,-0.16608428955078125,1.8711872100830078,2.2683956623077393,8.968299865722656,-5.460000038146973,6.090000152587891,-5.110000133514404,111
17:35:13:982,-0.1550431251525879,-0.12241005897521973,-0.13286781311035156,1.710868239402771,2.2468602657318115,8.968299865722656,-2.870000123977661,10.710000038146973,-1.5399999618530273,111
17:35:14:23,-0.07234954833984375,-0.1323847770690918,0.07555961608886719,1.7754744291305542,2.203789472579956,9.19561767578125,-3.9200000762939453,4.619999885559082,-0.5600000023841858,111
17:35:14:66,-0.1899634599685669,-0.12887883186340332,0.1599893569946289,1.6103696823120117,2.1750757694244385,9.32004451751709,-3.3600001335144043,2.6600000858306885,4.130000114440918,111
17:35:14:106,-0.11751413345336914,-0.162445068359375,0.20264625549316406,1.6534404754638672,2.100898265838623,9.413363456726074,-7.980000019073486,3.2200000286102295,-1.0499999523162842,111
17:35:14:147,-0.29500842094421387,-0.2543827295303345,-0.26093387603759766,1.4021940231323242,1.9453648328781128,8.884550094604492,-1.2599999904632568,-1.4700000286102295,1.6800000667572021,111
17:35:14:185,-0.19197869300842285,-0.05802273750305176,0.1779336929321289,1.4572290182113647,2.1272192001342773,9.367900848388672,5.880000114440918,-1.5399999618530273,0.8400000333786011,111
17:35:14:224,-0.08849823474884033,0.06652307510375977,0.10597610473632812,1.5385849475860596,2.2683956623077393,9.322437286376953,10.010000228881836,4.690000057220459,0.49000000953674316,111
17:35:14:271,-0.09568381309509277,-0.05206561088562012,-0.08558845520019531,1.5074783563613892,2.1367905139923096,9.109475135803223,9.380000114440918,1.2599999904632568,3.7100000381469727,111
17:35:14:315,0.05745100975036621,0.06363153457641602,0.27801036834716797,1.674975872039795,2.2683956623077393,9.542576789855957,-4.550000190734863,4.550000190734863,-0.7699999809265137,111
17:35:14:357,-0.04400932788848877,0.0375056266784668,0.03289604187011719,1.5625132322311401,2.251646041870117,9.305686950683594,-6.579999923706055,5.389999866485596,3.5,111
17:35:14:390,-0.056264400482177734,0.14868855476379395,0.01483154296875,1.5361920595169067,2.400001049041748,9.291330337524414,-1.6100000143051147,-0.9800000190734863,0.7699999809265137,111
17:35:14:433,0.031558871269226074,0.004095315933227539,-0.028334617614746094,1.6319050788879395,2.2564315795898438,9.241080284118652,-0.49000000953674316,-1.75,4.130000114440918,111
17:35:14:472,-0.10875093936920166,-0.0713796615600586,-0.1394367218017578,1.4644075632095337,2.163111686706543,9.09511947631836,0.7699999809265137,0.14000000059604645,0.21000000834465027,111
17:35:14:506,0.05848276615142822,0.025209426879882812,-0.12494945526123047,1.6462620496749878,2.266003131866455,9.078369140625,3.5,3.7100000381469727,3.0799999237060547,111
17:35:14:553,0.7435760498046875,-0.942704439163208,5.661957740783691,2.517249345779419,1.062413215637207,16.280765533447266,36.119998931884766,14.699999809265137,0.7699999809265137,111
17:35:14:606,0.030154824256896973,0.09576702117919922,-0.42453479766845703,1.8113667964935303,2.124826431274414,10.088139533996582,-0.42000001668930054,-2.450000047683716,3.9200000762939453,111
17:35:14:656,-0.3625563383102417,-0.539777398109436,-0.7243928909301758,1.3280165195465088,1.3543376922607422,9.607183456420898,1.8899999856948853,-6.929999828338623,11.6899995803833,111
17:35:14:727,0.10429215431213379,0.3338812589645386,-0.6675701141357422,1.8209381103515625,2.311466693878174,9.497113227844238,-10.640000343322754,3.7799999713897705,8.050000190734863,111
17:35:14:728,0.05854833126068115,0.38004636764526367,-0.4785423278808594,1.7898313999176025,2.452643394470215,9.566505432128906,-16.520000457763672,0.9100000262260437,5.039999961853027,111
17:35:16:494,-0.1350158452987671,0.27915143966674805,-0.9111690521240234,1.5625132322311401,2.421536445617676,8.906085968017578,-9.9399995803833,3.009999990463257,2.6600000858306885,111
17:35:16:495,-0.06015622615814209,0.014667034149169922,-0.46285438537597656,1.6223337650299072,2.1607186794281006,9.238687515258789,-12.529999732971191,5.809999942779541,5.039999961853027,111
17:35:16:496,-0.021325349807739258,-0.22563409805297852,-0.4219684600830078,1.65583336353302,1.864008903503418,9.174081802368164,-8.75,3.640000104904175,2.240000009536743,111
17:35:16:496,-0.21997177600860596,-0.1517934799194336,-0.39691638946533203,1.4021940231323242,1.8999011516571045,9.099905014038086,3.2200000286102295,3.2200000286102295,2.0999999046325684,111
17:35:16:496,-0.10132133960723877,-0.08123540878295898,-0.013166427612304688,1.495514154434204,1.950150489807129,9.480363845825195,-5.25,3.5,1.9600000381469727,111
17:35:16:497,-0.17868423461914062,-0.3291560411453247,-0.11198902130126953,1.373480200767517,1.6199408769607544,9.353544235229492,-10.220000267028809,-0.2800000011920929,1.5399999618530273,111
17:35:16:497,-0.09317660331726074,-0.05467069149017334,-0.08384895324707031,1.435693621635437,1.88075852394104,9.360722541809082,-5.179999828338623,0.3499999940395355,3.5,111
17:35:16:497,0.063285231590271,-0.1394493579864502,-0.009652137756347656,1.6079767942428589,1.7611174583435059,9.432506561279297,3.569999933242798,-3.7100000381469727,2.7300000190734863,111
17:35:16:498,0.035314202308654785,0.022438645362854004,-0.040264129638671875,1.588834285736084,1.9286150932312012,9.391828536987305,-0.07000000029802322,-1.8200000524520874,1.5399999618530273,111
17:35:16:498,-0.03491926193237305,-0.0662764310836792,-0.08389663696289062,1.509871006011963,1.8233308792114258,9.327221870422363,-5.039999961853027,0.7699999809265137,1.6100000143051147,111
17:35:16:498,0.10797691345214844,-0.14107704162597656,0.0037107467651367188,1.6797614097595215,1.7132610082626343,9.415757179260254,3.1500000953674316,-4.059999942779541,-1.6100000143051147,111
17:35:16:499,0.06723904609680176,-0.024805784225463867,0.027853965759277344,1.65583336353302,1.8233308792114258,9.446864128112793,-0.3499999940395355,1.190000057220459,-0.8400000333786011,111
17:35:16:499,0.03273427486419678,0.01844048500061035,0.0031404495239257812,1.6295121908187866,1.8711872100830078,9.422935485839844,-2.799999952316284,4.059999942779541,-0.699999988079071,111
17:35:16:499,-0.13652455806732178,-0.08478903770446777,-0.05682945251464844,1.4261221885681152,1.7467604875564575,9.34875774383545,0.699999988079071,2.0999999046325684,-0.699999988079071,111
17:35:16:499,0.06880640983581543,0.03745293617248535,0.02919292449951172,1.648654818534851,1.8783657550811768,9.442078590393066,1.1200000047683716,-4.130000114440918,-4.690000057220459,111
17:35:16:501,0.026331305503845215,0.052933454513549805,-0.03598785400390625,1.6127625703811646,1.9070796966552734,9.367900848388672,-0.6299999952316284,-1.6800000667572021,-1.1200000047683716,111
17:35:16:501,-0.011477470397949219,-0.07059454917907715,-0.11110401153564453,1.5720844268798828,1.765903115272522,9.265008926391602,-3.009999990463257,1.1200000047683716,2.0299999713897705,111
17:35:16:502,-0.05512416362762451,0.0047806501388549805,-0.10611152648925781,1.514656662940979,1.8424735069274902,9.243474006652832,-3.009999990463257,0.2800000011920929,3.7799999713897705,111
17:35:16:503,-0.046013593673706055,0.0019102096557617188,-0.09828853607177734,1.5122638940811157,1.8400806188583374,9.226724624633789,5.179999828338623,-3.7799999713897705,2.940000057220459,111
17:35:16:503,0.09144437313079834,0.05704176425933838,0.053452491760253906,1.672582983970642,1.9094725847244263,9.391828536987305,3.990000009536743,-3.990000009536743,5.460000038146973,111
17:35:16:503,0.10378372669219971,-0.023279905319213867,0.0829620361328125,1.710868239402771,1.8233308792114258,9.442078590393066,-2.1700000762939453,1.8899999856948853,0.8400000333786011,111
17:35:16:504,0.1136549711227417,-0.051166415214538574,-0.0044574737548828125,1.7491532564163208,1.782652735710144,9.353544235229492,-8.1899995803833,4.96999979019165,1.190000057220459,111
17:35:16:504,0.08709561824798584,-0.26681554317474365,-0.051423072814941406,1.7443678379058838,1.5002998113632202,9.293723106384277,-14.420000076293945,10.220000267028809,-0.49000000953674316,111
17:35:16:504,-0.26340460777282715,-0.38382136821746826,-0.04879570007324219,1.3280165195465088,1.2873386144638062,9.284152030944824,-0.07000000029802322,6.300000190734863,-4.760000228881836,111
17:35:16:505,-0.11309647560119629,0.031766653060913086,0.1734457015991211,1.4500504732131958,1.710868239402771,9.549755096435547,16.940000534057617,-2.380000114440918,-5.460000038146973,111
17:35:16:505,0.010978460311889648,0.2895808219909668,0.11769962310791016,1.576870083808899,2.0410776138305664,9.523433685302734,-4.199999809265137,6.789999961853027,-3.7100000381469727,111
17:35:16:505,-0.1730717420578003,-0.011446118354797363,0.0041904449462890625,1.3495519161224365,1.7371891736984253,9.410971641540527,-0.9100000262260437,4.340000152587891,-2.0999999046325684,111
17:35:16:506,0.04531145095825195,0.08081316947937012,0.05120849609375,1.5792629718780518,1.84965181350708,9.470791816711426,-3.3600001335144043,-0.7699999809265137,-3.430000066757202,111
17:35:16:506,-0.021178483963012695,-0.07509016990661621,-0.12557411193847656,1.5074783563613892,1.674975872039795,9.262616157531738,-6.230000019073486,4.199999809265137,-3.7799999713897705,111
17:35:16:506,-0.3423668146133423,-0.17301344871520996,-0.18468666076660156,1.1006983518600464,1.5337992906570435,9.157332420349121,6.230000019073486,3.640000104904175,-1.4700000286102295,111
17:35:16:507,-0.04609668254852295,0.20041286945343018,-0.027151107788085938,1.3854442834854126,1.9573287963867188,9.308080673217773,18.899999618530273,-7.840000152587891,-4.550000190734863,111
17:35:16:507,0.2713181972503662,0.3613274097442627,0.056763648986816406,1.7706886529922485,2.2085752487182617,9.4061861038208,16.940000534057617,-7,-5.599999904632568,111
17:35:16:507,-0.1504828929901123,-0.13016057014465332,-0.027330398559570312,1.3112668991088867,1.6845470666885376,9.315258979797363,0.9800000190734863,5.740000247955322,-4.059999942779541,111
17:35:16:507,-0.15292870998382568,-0.07732880115509033,-0.1022634506225586,1.2705888748168945,1.7180466651916504,9.214759826660156,-3.0799999237060547,5.460000038146973,-0.6299999952316284,111
17:35:16:508,-0.07257223129272461,0.04916393756866455,-0.06458187103271484,1.3328022956848145,1.856830358505249,9.236295700073242,-0.6299999952316284,3.2200000286102295,3.2200000286102295,111
17:35:16:508,0.154424786567688,0.22501420974731445,0.17804527282714844,1.5984054803848267,2.0889341831207275,9.523433685302734,5.599999904632568,2.0999999046325684,-3.569999933242798,111
17:35:16:508,-0.24782633781433105,0.013470888137817383,-0.17150211334228516,1.1341978311538696,1.88075852394104,9.131011009216309,2.0299999713897705,4.480000019073486,-1.6100000143051147,111
17:35:16:509,-0.12934768199920654,0.5123122930526733,0.2494792938232422,1.2203395366668701,2.5076780319213867,9.614361763000488,3.640000104904175,3.7100000381469727,2.5899999141693115,111
17:35:16:509,-0.17239153385162354,0.048055171966552734,0.11918449401855469,1.1341978311538696,2.0554347038269043,9.513862609863281,-1.4700000286102295,0.21000000834465027,-1.3300000429153442,111
17:35:16:509,0.8747293949127197,-1.4336203336715698,6.253515243530273,2.400001049041748,0.2153540551662445,17.211572647094727,21.489999771118164,-9.449999809265137,-6.860000133514404,111
17:35:16:510,-0.47939950227737427,-0.1763674020767212,-1.6702909469604492,0.9260223507881165,1.428515076637268,8.870193481445312,8.75,13.09000015258789,-5.740000247955322,111
17:35:16:510,-0.1155235767364502,0.3202422857284546,-0.10344982147216797,1.2610174417495728,2.00518536567688,10.411171913146973,2.0999999046325684,1.3300000429153442,-5.25,111
17:35:16:511,0.38805997371673584,0.912784218788147,-1.4208269119262695,1.8616160154342651,2.825923442840576,8.738588333129883,-4.059999942779541,3.8499999046325684,-9.449999809265137,111
17:35:16:511,-0.46291232109069824,-0.04887568950653076,-0.5374984741210938,0.8949156999588013,1.852044701576233,9.487542152404785,-14.630000114440918,-6.230000019073486,-1.9600000381469727,111
